{
    "name": "root",
    "gauges": {
        "Brov.Policy.Entropy.mean": {
            "value": 1.3715548515319824,
            "min": 1.3715548515319824,
            "max": 1.4182672500610352,
            "count": 24
        },
        "Brov.Policy.Entropy.sum": {
            "value": 40268.8515625,
            "min": 39869.96484375,
            "max": 44399.5234375,
            "count": 24
        },
        "Brov.Environment.EpisodeLength.mean": {
            "value": 199.62328767123287,
            "min": 78.63129973474801,
            "max": 482.8666666666667,
            "count": 24
        },
        "Brov.Environment.EpisodeLength.sum": {
            "value": 29145.0,
            "min": 28972.0,
            "max": 30982.0,
            "count": 24
        },
        "Brov.Step.mean": {
            "value": 719882.0,
            "min": 29477.0,
            "max": 719882.0,
            "count": 24
        },
        "Brov.Step.sum": {
            "value": 719882.0,
            "min": 29477.0,
            "max": 719882.0,
            "count": 24
        },
        "Brov.Policy.ExtrinsicValueEstimate.mean": {
            "value": 5.3040571212768555,
            "min": -0.9886449575424194,
            "max": 5.812928676605225,
            "count": 24
        },
        "Brov.Policy.ExtrinsicValueEstimate.sum": {
            "value": 811.520751953125,
            "min": -78.10295104980469,
            "max": 1277.84912109375,
            "count": 24
        },
        "Brov.Environment.CumulativeReward.mean": {
            "value": 14.52427881751975,
            "min": -5.840930143099152,
            "max": 14.52427881751975,
            "count": 24
        },
        "Brov.Environment.CumulativeReward.sum": {
            "value": 2120.5447073578835,
            "min": -519.8427827358246,
            "max": 2979.3056844472885,
            "count": 24
        },
        "Brov.Policy.ExtrinsicReward.mean": {
            "value": 14.52427881751975,
            "min": -5.840930143099152,
            "max": 14.52427881751975,
            "count": 24
        },
        "Brov.Policy.ExtrinsicReward.sum": {
            "value": 2120.5447073578835,
            "min": -519.8427827358246,
            "max": 2979.3056844472885,
            "count": 24
        },
        "Brov.Losses.PolicyLoss.mean": {
            "value": 0.01575392733696693,
            "min": 0.01263602268663817,
            "max": 0.020183649829899272,
            "count": 24
        },
        "Brov.Losses.PolicyLoss.sum": {
            "value": 0.01575392733696693,
            "min": 0.013715406899185231,
            "max": 0.03780179191890057,
            "count": 24
        },
        "Brov.Losses.ValueLoss.mean": {
            "value": 6.613709417978923,
            "min": 0.6140716135501861,
            "max": 8.430959335962932,
            "count": 24
        },
        "Brov.Losses.ValueLoss.sum": {
            "value": 6.613709417978923,
            "min": 0.6140716135501861,
            "max": 14.357070891062419,
            "count": 24
        },
        "Brov.Policy.LearningRate.mean": {
            "value": 0.00029297075234308343,
            "min": 0.00029297075234308343,
            "max": 0.0002997923900692033,
            "count": 24
        },
        "Brov.Policy.LearningRate.sum": {
            "value": 0.00029297075234308343,
            "min": 0.00029297075234308343,
            "max": 0.0005985559104813632,
            "count": 24
        },
        "Brov.Policy.Epsilon.mean": {
            "value": 0.19765691666666665,
            "min": 0.19765691666666665,
            "max": 0.19993079666666674,
            "count": 24
        },
        "Brov.Policy.Epsilon.sum": {
            "value": 0.19765691666666665,
            "min": 0.19765691666666665,
            "max": 0.39951863666666665,
            "count": 24
        },
        "Brov.Policy.Beta.mean": {
            "value": 0.004883080141666666,
            "min": 0.004883080141666666,
            "max": 0.004996546753666667,
            "count": 24
        },
        "Brov.Policy.Beta.sum": {
            "value": 0.004883080141666666,
            "min": 0.004883080141666666,
            "max": 0.00997597996966667,
            "count": 24
        },
        "Brov.IsTraining.mean": {
            "value": 1.0,
            "min": 1.0,
            "max": 1.0,
            "count": 24
        },
        "Brov.IsTraining.sum": {
            "value": 1.0,
            "min": 1.0,
            "max": 1.0,
            "count": 24
        }
    },
    "metadata": {
        "timer_format_version": "0.1.0",
        "start_time_seconds": "1745351331",
        "python_version": "3.10.12 (main, Jul  5 2023, 18:54:27) [GCC 11.2.0]",
        "command_line_arguments": "/home/albin/anaconda3/envs/mla/bin/mlagents-learn config/Brov.yaml --run-id=tank1 --force",
        "mlagents_version": "1.1.0",
        "mlagents_envs_version": "1.1.0",
        "communication_protocol_version": "1.5.0",
        "pytorch_version": "2.2.2+cpu",
        "numpy_version": "1.23.5",
        "end_time_seconds": "1745353257"
    },
    "total": 1925.6783211539732,
    "count": 1,
    "self": 0.0056213169591501355,
    "children": {
        "run_training.setup": {
            "total": 0.05388697900343686,
            "count": 1,
            "self": 0.05388697900343686
        },
        "TrainerController.start_learning": {
            "total": 1925.6188128580106,
            "count": 1,
            "self": 2.091948402230628,
            "children": {
                "TrainerController._reset_env": {
                    "total": 8.896780824987218,
                    "count": 1,
                    "self": 8.896780824987218
                },
                "TrainerController.advance": {
                    "total": 1914.6059968717746,
                    "count": 152812,
                    "self": 1.967530523368623,
                    "children": {
                        "env_step": {
                            "total": 1828.06710302172,
                            "count": 152812,
                            "self": 1728.5324124593171,
                            "children": {
                                "SubprocessEnvManager._take_step": {
                                    "total": 98.07026173151098,
                                    "count": 152812,
                                    "self": 6.564439626177773,
                                    "children": {
                                        "TorchPolicy.evaluate": {
                                            "total": 91.50582210533321,
                                            "count": 148638,
                                            "self": 91.50582210533321
                                        }
                                    }
                                },
                                "workers": {
                                    "total": 1.4644288308918476,
                                    "count": 152811,
                                    "self": 0.0,
                                    "children": {
                                        "worker_root": {
                                            "total": 1922.748445951729,
                                            "count": 152811,
                                            "is_parallel": true,
                                            "self": 294.0209605245618,
                                            "children": {
                                                "run_training.setup": {
                                                    "total": 0.0,
                                                    "count": 0,
                                                    "is_parallel": true,
                                                    "self": 0.0,