{"count":1,"self":5.327786,"total":6.452824,"children":{"InitializeActuators":{"count":1,"self":0.0034249999999999997,"total":0.0034249999999999997,"children":null},"InitializeSensors":{"count":1,"self":0.005562,"total":0.005562,"children":null},"AgentSendState":{"count":54,"self":0.008225,"total":0.024263,"children":{"CollectObservations":{"count":11,"self":0.000627,"total":0.000627,"children":null},"WriteActionMask":{"count":11,"self":0.00031299999999999996,"total":0.00031299999999999996,"children":null},"RequestDecision":{"count":11,"self":0.003209,"total":0.015097999999999999,"children":{"AgentInfo.ToProto":{"count":11,"self":0.0013959999999999999,"total":0.011889,"children":{"GenerateSensorData":{"count":11,"self":0.0097209999999999987,"total":0.010492999999999999,"children":{"RayPerceptionSensor.Perceive":{"count":11,"self":0.000772,"total":0.000772,"children":null}}}}}}}}},"DecideAction":{"count":54,"self":1.080101,"total":1.080101,"children":null},"AgentAct":{"count":54,"self":0.0063279999999999994,"total":0.0063279999999999994,"children":null}},"gauges":{},"metadata":{"timer_format_version":"0.1.0","start_time_seconds":"1740059696","unity_version":"2023.2.13f1","command_line_arguments":"\/home\/albin\/mex\/DRL-Python\/envs\/res_test_prior\/res_prior.x86_64 --mlagents-port 5005","communication_protocol_version":"1.5.0","com.unity.ml-agents_version":"3.0.0","scene_name":"ResTestPrior","end_time_seconds":"1740059703"}}