{"count":1,"self":40.0887296,"total":59.383101999999994,"children":{"InitializeActuators":{"count":1,"self":0.0013549999999999999,"total":0.0013549999999999999,"children":null},"InitializeSensors":{"count":1,"self":0.00315,"total":0.00315,"children":null},"AgentSendState":{"count":1513,"self":0.019799999999999998,"total":0.040181,"children":{"CollectObservations":{"count":303,"self":0.0024579999999999997,"total":0.0024579999999999997,"children":null},"WriteActionMask":{"count":303,"self":0.000525,"total":0.000525,"children":null},"RequestDecision":{"count":303,"self":0.00247,"total":0.017398,"children":{"AgentInfo.ToProto":{"count":303,"self":0.002575,"total":0.014927999999999999,"children":{"GenerateSensorData":{"count":303,"self":0.010768999999999999,"total":0.012353,"children":{"RayPerceptionSensor.Perceive":{"count":303,"self":0.001584,"total":0.001584,"children":null}}}}}}}}},"DecideAction":{"count":1513,"self":19.2190272,"total":19.219027999999998,"children":null},"AgentAct":{"count":1513,"self":0.028406999999999998,"total":0.028406999999999998,"children":null}},"gauges":{},"metadata":{"timer_format_version":"0.1.0","start_time_seconds":"1741619002","unity_version":"2023.2.13f1","command_line_arguments":"\/home\/michael-exjobb\/mex\/DRL-Python\/residual_modelling\/envs\/res_test_prior_v3\/res_prior_v3.x86_64 --mlagents-port 5005","communication_protocol_version":"1.5.0","com.unity.ml-agents_version":"3.0.0","scene_name":"ResTestPrior","end_time_seconds":"1741619061"}}